n_slaves,workers=1,workers=2
1,1866.338647,2881.739336
2,3830.732703,2916.253876
3,2180.408859,3012.102935
4,2150.563337,3032.21673
5,2666.500515,3288.790163
